-- phpMyAdmin SQL Dump
-- version 5.2.1
-- https://www.phpmyadmin.net/
--
-- Host: 127.0.0.1
-- Generation Time: Jan 27, 2026 at 07:55 PM
-- Server version: 10.4.32-MariaDB
-- PHP Version: 8.2.12

SET SQL_MODE = "NO_AUTO_VALUE_ON_ZERO";
START TRANSACTION;
SET time_zone = "+00:00";


/*!40101 SET @OLD_CHARACTER_SET_CLIENT=@@CHARACTER_SET_CLIENT */;
/*!40101 SET @OLD_CHARACTER_SET_RESULTS=@@CHARACTER_SET_RESULTS */;
/*!40101 SET @OLD_COLLATION_CONNECTION=@@COLLATION_CONNECTION */;
/*!40101 SET NAMES utf8mb4 */;

--
-- Database: `ticket_app`
--

-- --------------------------------------------------------

--
-- Table structure for table `cache`
--

CREATE TABLE `cache` (
  `key` varchar(255) NOT NULL,
  `value` mediumtext NOT NULL,
  `expiration` int(11) NOT NULL
) ENGINE=InnoDB DEFAULT CHARSET=utf8mb4 COLLATE=utf8mb4_unicode_ci;

-- --------------------------------------------------------

--
-- Table structure for table `cache_locks`
--

CREATE TABLE `cache_locks` (
  `key` varchar(255) NOT NULL,
  `owner` varchar(255) NOT NULL,
  `expiration` int(11) NOT NULL
) ENGINE=InnoDB DEFAULT CHARSET=utf8mb4 COLLATE=utf8mb4_unicode_ci;

-- --------------------------------------------------------

--
-- Table structure for table `detail_orders`
--

CREATE TABLE `detail_orders` (
  `id` bigint(20) UNSIGNED NOT NULL,
  `order_id` bigint(20) UNSIGNED NOT NULL,
  `tiket_id` bigint(20) UNSIGNED NOT NULL,
  `jumlah` int(11) NOT NULL,
  `subtotal_harga` decimal(10,2) NOT NULL,
  `created_at` timestamp NULL DEFAULT NULL,
  `updated_at` timestamp NULL DEFAULT NULL
) ENGINE=InnoDB DEFAULT CHARSET=utf8mb4 COLLATE=utf8mb4_unicode_ci;

--
-- Dumping data for table `detail_orders`
--

INSERT INTO `detail_orders` (`id`, `order_id`, `tiket_id`, `jumlah`, `subtotal_harga`, `created_at`, `updated_at`) VALUES
(1, 1, 1, 1, 1500000.00, '2026-01-17 03:38:41', '2026-01-17 03:38:41'),
(2, 2, 3, 1, 200000.00, '2026-01-17 03:38:41', '2026-01-17 03:38:41'),
(3, 3, 6, 1, 100000.00, '2026-01-24 07:50:31', '2026-01-24 07:50:31'),
(4, 4, 5, 1, 50000.00, '2026-01-24 07:57:17', '2026-01-24 07:57:17'),
(5, 5, 5, 1, 50000.00, '2026-01-25 23:34:34', '2026-01-25 23:34:34');

-- --------------------------------------------------------

--
-- Table structure for table `events`
--

CREATE TABLE `events` (
  `id` bigint(20) UNSIGNED NOT NULL,
  `user_id` bigint(20) UNSIGNED NOT NULL,
  `kategori_id` bigint(20) UNSIGNED NOT NULL,
  `judul` varchar(255) NOT NULL,
  `deskripsi` text NOT NULL,
  `lokasi` varchar(255) NOT NULL,
  `tanggal_waktu` datetime NOT NULL,
  `gambar` varchar(255) DEFAULT NULL,
  `created_at` timestamp NULL DEFAULT NULL,
  `updated_at` timestamp NULL DEFAULT NULL
) ENGINE=InnoDB DEFAULT CHARSET=utf8mb4 COLLATE=utf8mb4_unicode_ci;

--
-- Dumping data for table `events`
--

INSERT INTO `events` (`id`, `user_id`, `kategori_id`, `judul`, `deskripsi`, `lokasi`, `tanggal_waktu`, `gambar`, `created_at`, `updated_at`) VALUES
(1, 1, 1, 'Konser Musik Rock', 'Nikmati malam penuh energi dengan band rock terkenal.', 'Stadion Utama', '2024-08-15 19:00:00', 'events/konser_rock.jpg', '2026-01-17 03:38:41', '2026-01-17 03:38:41'),
(2, 1, 2, 'Pameran Seni Kontemporer', 'Jelajahi karya seni modern dari seniman lokal dan internasional.', 'Galeri Seni Kota', '2024-09-10 10:00:00', 'events/pameran_seni.jpg', '2026-01-17 03:38:41', '2026-01-17 03:38:41'),
(4, 1, 4, 'seminar hitech', 'cihuy', 'gedung h lantai 4', '2026-01-18 18:17:00', '1768648666.jpg', '2026-01-17 04:17:46', '2026-01-17 04:17:46'),
(5, 1, 1, 'konser green days', 'rok', 'semarang', '2026-01-02 21:14:00', '1769264139.jpg', '2026-01-24 07:15:39', '2026-01-24 07:15:39');

-- --------------------------------------------------------

--
-- Table structure for table `failed_jobs`
--

CREATE TABLE `failed_jobs` (
  `id` bigint(20) UNSIGNED NOT NULL,
  `uuid` varchar(255) NOT NULL,
  `connection` text NOT NULL,
  `queue` text NOT NULL,
  `payload` longtext NOT NULL,
  `exception` longtext NOT NULL,
  `failed_at` timestamp NOT NULL DEFAULT current_timestamp()
) ENGINE=InnoDB DEFAULT CHARSET=utf8mb4 COLLATE=utf8mb4_unicode_ci;

-- --------------------------------------------------------

--
-- Table structure for table `jobs`
--

CREATE TABLE `jobs` (
  `id` bigint(20) UNSIGNED NOT NULL,
  `queue` varchar(255) NOT NULL,
  `payload` longtext NOT NULL,
  `attempts` tinyint(3) UNSIGNED NOT NULL,
  `reserved_at` int(10) UNSIGNED DEFAULT NULL,
  `available_at` int(10) UNSIGNED NOT NULL,
  `created_at` int(10) UNSIGNED NOT NULL
) ENGINE=InnoDB DEFAULT CHARSET=utf8mb4 COLLATE=utf8mb4_unicode_ci;

-- --------------------------------------------------------

--
-- Table structure for table `job_batches`
--

CREATE TABLE `job_batches` (
  `id` varchar(255) NOT NULL,
  `name` varchar(255) NOT NULL,
  `total_jobs` int(11) NOT NULL,
  `pending_jobs` int(11) NOT NULL,
  `failed_jobs` int(11) NOT NULL,
  `failed_job_ids` longtext NOT NULL,
  `options` mediumtext DEFAULT NULL,
  `cancelled_at` int(11) DEFAULT NULL,
  `created_at` int(11) NOT NULL,
  `finished_at` int(11) DEFAULT NULL
) ENGINE=InnoDB DEFAULT CHARSET=utf8mb4 COLLATE=utf8mb4_unicode_ci;

-- --------------------------------------------------------

--
-- Table structure for table `kategoris`
--

CREATE TABLE `kategoris` (
  `id` bigint(20) UNSIGNED NOT NULL,
  `nama` varchar(255) NOT NULL,
  `created_at` timestamp NULL DEFAULT NULL,
  `updated_at` timestamp NULL DEFAULT NULL
) ENGINE=InnoDB DEFAULT CHARSET=utf8mb4 COLLATE=utf8mb4_unicode_ci;

--
-- Dumping data for table `kategoris`
--

INSERT INTO `kategoris` (`id`, `nama`, `created_at`, `updated_at`) VALUES
(1, 'Konser', '2026-01-17 03:38:40', '2026-01-17 03:38:40'),
(2, 'Nobar', '2026-01-17 03:38:40', '2026-01-17 04:15:47'),
(4, 'Lomba', '2026-01-17 04:15:38', '2026-01-17 04:15:38');

-- --------------------------------------------------------

--
-- Table structure for table `migrations`
--

CREATE TABLE `migrations` (
  `id` int(10) UNSIGNED NOT NULL,
  `migration` varchar(255) NOT NULL,
  `batch` int(11) NOT NULL
) ENGINE=InnoDB DEFAULT CHARSET=utf8mb4 COLLATE=utf8mb4_unicode_ci;

--
-- Dumping data for table `migrations`
--

INSERT INTO `migrations` (`id`, `migration`, `batch`) VALUES
(1, '0001_01_01_000000_create_users_table', 1),
(2, '0001_01_01_000001_create_cache_table', 1),
(3, '0001_01_01_000002_create_jobs_table', 1),
(4, '2026_01_17_061824_create_kategoris_table', 1),
(5, '2026_01_17_061829_create_events_table', 1),
(6, '2026_01_17_061834_create_tikets_table', 1),
(7, '2026_01_17_061839_create_orders_table', 1),
(8, '2026_01_17_061844_create_detail_orders_table', 1);

-- --------------------------------------------------------

--
-- Table structure for table `orders`
--

CREATE TABLE `orders` (
  `id` bigint(20) UNSIGNED NOT NULL,
  `user_id` bigint(20) UNSIGNED NOT NULL,
  `event_id` bigint(20) UNSIGNED NOT NULL,
  `order_date` datetime NOT NULL,
  `total_harga` decimal(10,2) NOT NULL,
  `created_at` timestamp NULL DEFAULT NULL,
  `updated_at` timestamp NULL DEFAULT NULL
) ENGINE=InnoDB DEFAULT CHARSET=utf8mb4 COLLATE=utf8mb4_unicode_ci;

--
-- Dumping data for table `orders`
--

INSERT INTO `orders` (`id`, `user_id`, `event_id`, `order_date`, `total_harga`, `created_at`, `updated_at`) VALUES
(1, 2, 1, '2024-07-01 14:30:00', 1500000.00, '2026-01-17 03:38:41', '2026-01-17 03:38:41'),
(2, 2, 2, '2024-07-02 10:15:00', 200000.00, '2026-01-17 03:38:41', '2026-01-17 03:38:41'),
(3, 2, 4, '2026-01-24 14:50:31', 100000.00, '2026-01-24 07:50:31', '2026-01-24 07:50:31'),
(4, 2, 4, '2026-01-24 14:57:17', 50000.00, '2026-01-24 07:57:17', '2026-01-24 07:57:17'),
(5, 2, 4, '2026-01-26 06:34:34', 50000.00, '2026-01-25 23:34:34', '2026-01-25 23:34:34');

-- --------------------------------------------------------

--
-- Table structure for table `password_reset_tokens`
--

CREATE TABLE `password_reset_tokens` (
  `email` varchar(255) NOT NULL,
  `token` varchar(255) NOT NULL,
  `created_at` timestamp NULL DEFAULT NULL
) ENGINE=InnoDB DEFAULT CHARSET=utf8mb4 COLLATE=utf8mb4_unicode_ci;

-- --------------------------------------------------------

--
-- Table structure for table `sessions`
--

CREATE TABLE `sessions` (
  `id` varchar(255) NOT NULL,
  `user_id` bigint(20) UNSIGNED DEFAULT NULL,
  `ip_address` varchar(45) DEFAULT NULL,
  `user_agent` text DEFAULT NULL,
  `payload` longtext NOT NULL,
  `last_activity` int(11) NOT NULL
) ENGINE=InnoDB DEFAULT CHARSET=utf8mb4 COLLATE=utf8mb4_unicode_ci;

--
-- Dumping data for table `sessions`
--

INSERT INTO `sessions` (`id`, `user_id`, `ip_address`, `user_agent`, `payload`, `last_activity`) VALUES
('psLv98GP1npOBP4F8XXMSZaQ5afqWr8pEtYyXU9G', NULL, '127.0.0.1', 'Mozilla/5.0 (Windows NT 10.0; Win64; x64) AppleWebKit/537.36 (KHTML, like Gecko) Chrome/144.0.0.0 Safari/537.36 Edg/144.0.0.0', 'YTozOntzOjY6Il90b2tlbiI7czo0MDoickxpQm50ekh3NXVlOENFYXpQVmRLdlZCbUQxUDl0YmRRMFJjZTg0ViI7czo2OiJfZmxhc2giO2E6Mjp7czozOiJvbGQiO2E6MDp7fXM6MzoibmV3IjthOjA6e319czo5OiJfcHJldmlvdXMiO2E6Mjp7czozOiJ1cmwiO3M6MjE6Imh0dHA6Ly8xMjcuMC4wLjE6ODAwMCI7czo1OiJyb3V0ZSI7czo0OiJob21lIjt9fQ==', 1769539960);

-- --------------------------------------------------------

--
-- Table structure for table `tikets`
--

CREATE TABLE `tikets` (
  `id` bigint(20) UNSIGNED NOT NULL,
  `event_id` bigint(20) UNSIGNED NOT NULL,
  `tipe` enum('reguler','premium') NOT NULL,
  `harga` decimal(10,2) NOT NULL,
  `stok` int(11) NOT NULL,
  `created_at` timestamp NULL DEFAULT NULL,
  `updated_at` timestamp NULL DEFAULT NULL
) ENGINE=InnoDB DEFAULT CHARSET=utf8mb4 COLLATE=utf8mb4_unicode_ci;

--
-- Dumping data for table `tikets`
--

INSERT INTO `tikets` (`id`, `event_id`, `tipe`, `harga`, `stok`, `created_at`, `updated_at`) VALUES
(1, 1, 'premium', 1500000.00, 100, '2026-01-17 03:38:41', '2026-01-17 03:38:41'),
(2, 1, 'reguler', 500000.00, 500, '2026-01-17 03:38:41', '2026-01-17 03:38:41'),
(3, 2, 'premium', 200000.00, 300, '2026-01-17 03:38:41', '2026-01-17 03:38:41'),
(5, 4, 'reguler', 50000.00, 2, '2026-01-17 04:20:03', '2026-01-25 23:34:34'),
(6, 4, 'premium', 100000.00, 4, '2026-01-17 04:20:33', '2026-01-24 07:50:31');

-- --------------------------------------------------------

--
-- Table structure for table `users`
--

CREATE TABLE `users` (
  `id` bigint(20) UNSIGNED NOT NULL,
  `name` varchar(255) NOT NULL,
  `email` varchar(255) NOT NULL,
  `no_hp` varchar(255) DEFAULT NULL,
  `role` enum('admin','user') NOT NULL DEFAULT 'user',
  `email_verified_at` timestamp NULL DEFAULT NULL,
  `password` varchar(255) NOT NULL,
  `remember_token` varchar(100) DEFAULT NULL,
  `created_at` timestamp NULL DEFAULT NULL,
  `updated_at` timestamp NULL DEFAULT NULL
) ENGINE=InnoDB DEFAULT CHARSET=utf8mb4 COLLATE=utf8mb4_unicode_ci;

--
-- Dumping data for table `users`
--

INSERT INTO `users` (`id`, `name`, `email`, `no_hp`, `role`, `email_verified_at`, `password`, `remember_token`, `created_at`, `updated_at`) VALUES
(1, 'Admin User', 'admin@gmail.com', NULL, 'admin', NULL, '$2y$12$S6ZIlB1KK47RDB/98Cjrp.LQQUWNjEFtuAzuR8NoxRIubctrrlYVO', NULL, '2026-01-17 03:38:41', '2026-01-17 03:38:41'),
(2, 'Regular User', 'user@gmail.com', '081234567890', 'user', NULL, '$2y$12$qpt.uepIWTlCvsv5GPaskeSz2YlLpi2d/NduWCk46OE2AXrtCoPCK', NULL, '2026-01-17 03:38:41', '2026-01-17 03:38:41');

--
-- Indexes for dumped tables
--

--
-- Indexes for table `cache`
--
ALTER TABLE `cache`
  ADD PRIMARY KEY (`key`);

--
-- Indexes for table `cache_locks`
--
ALTER TABLE `cache_locks`
  ADD PRIMARY KEY (`key`);

--
-- Indexes for table `detail_orders`
--
ALTER TABLE `detail_orders`
  ADD PRIMARY KEY (`id`),
  ADD KEY `detail_orders_order_id_foreign` (`order_id`),
  ADD KEY `detail_orders_tiket_id_foreign` (`tiket_id`);

--
-- Indexes for table `events`
--
ALTER TABLE `events`
  ADD PRIMARY KEY (`id`),
  ADD KEY `events_user_id_foreign` (`user_id`),
  ADD KEY `events_kategori_id_foreign` (`kategori_id`);

--
-- Indexes for table `failed_jobs`
--
ALTER TABLE `failed_jobs`
  ADD PRIMARY KEY (`id`),
  ADD UNIQUE KEY `failed_jobs_uuid_unique` (`uuid`);

--
-- Indexes for table `jobs`
--
ALTER TABLE `jobs`
  ADD PRIMARY KEY (`id`),
  ADD KEY `jobs_queue_index` (`queue`);

--
-- Indexes for table `job_batches`
--
ALTER TABLE `job_batches`
  ADD PRIMARY KEY (`id`);

--
-- Indexes for table `kategoris`
--
ALTER TABLE `kategoris`
  ADD PRIMARY KEY (`id`),
  ADD UNIQUE KEY `kategoris_nama_unique` (`nama`);

--
-- Indexes for table `migrations`
--
ALTER TABLE `migrations`
  ADD PRIMARY KEY (`id`);

--
-- Indexes for table `orders`
--
ALTER TABLE `orders`
  ADD PRIMARY KEY (`id`),
  ADD KEY `orders_user_id_foreign` (`user_id`),
  ADD KEY `orders_event_id_foreign` (`event_id`);

--
-- Indexes for table `password_reset_tokens`
--
ALTER TABLE `password_reset_tokens`
  ADD PRIMARY KEY (`email`);

--
-- Indexes for table `sessions`
--
ALTER TABLE `sessions`
  ADD PRIMARY KEY (`id`),
  ADD KEY `sessions_user_id_index` (`user_id`),
  ADD KEY `sessions_last_activity_index` (`last_activity`);

--
-- Indexes for table `tikets`
--
ALTER TABLE `tikets`
  ADD PRIMARY KEY (`id`),
  ADD KEY `tikets_event_id_foreign` (`event_id`);

--
-- Indexes for table `users`
--
ALTER TABLE `users`
  ADD PRIMARY KEY (`id`),
  ADD UNIQUE KEY `users_email_unique` (`email`);

--
-- AUTO_INCREMENT for dumped tables
--

--
-- AUTO_INCREMENT for table `detail_orders`
--
ALTER TABLE `detail_orders`
  MODIFY `id` bigint(20) UNSIGNED NOT NULL AUTO_INCREMENT, AUTO_INCREMENT=6;

--
-- AUTO_INCREMENT for table `events`
--
ALTER TABLE `events`
  MODIFY `id` bigint(20) UNSIGNED NOT NULL AUTO_INCREMENT, AUTO_INCREMENT=6;

--
-- AUTO_INCREMENT for table `failed_jobs`
--
ALTER TABLE `failed_jobs`
  MODIFY `id` bigint(20) UNSIGNED NOT NULL AUTO_INCREMENT;

--
-- AUTO_INCREMENT for table `jobs`
--
ALTER TABLE `jobs`
  MODIFY `id` bigint(20) UNSIGNED NOT NULL AUTO_INCREMENT;

--
-- AUTO_INCREMENT for table `kategoris`
--
ALTER TABLE `kategoris`
  MODIFY `id` bigint(20) UNSIGNED NOT NULL AUTO_INCREMENT, AUTO_INCREMENT=5;

--
-- AUTO_INCREMENT for table `migrations`
--
ALTER TABLE `migrations`
  MODIFY `id` int(10) UNSIGNED NOT NULL AUTO_INCREMENT, AUTO_INCREMENT=9;

--
-- AUTO_INCREMENT for table `orders`
--
ALTER TABLE `orders`
  MODIFY `id` bigint(20) UNSIGNED NOT NULL AUTO_INCREMENT, AUTO_INCREMENT=6;

--
-- AUTO_INCREMENT for table `tikets`
--
ALTER TABLE `tikets`
  MODIFY `id` bigint(20) UNSIGNED NOT NULL AUTO_INCREMENT, AUTO_INCREMENT=7;

--
-- AUTO_INCREMENT for table `users`
--
ALTER TABLE `users`
  MODIFY `id` bigint(20) UNSIGNED NOT NULL AUTO_INCREMENT, AUTO_INCREMENT=3;

--
-- Constraints for dumped tables
--

--
-- Constraints for table `detail_orders`
--
ALTER TABLE `detail_orders`
  ADD CONSTRAINT `detail_orders_order_id_foreign` FOREIGN KEY (`order_id`) REFERENCES `orders` (`id`) ON DELETE CASCADE,
  ADD CONSTRAINT `detail_orders_tiket_id_foreign` FOREIGN KEY (`tiket_id`) REFERENCES `tikets` (`id`) ON DELETE CASCADE;

--
-- Constraints for table `events`
--
ALTER TABLE `events`
  ADD CONSTRAINT `events_kategori_id_foreign` FOREIGN KEY (`kategori_id`) REFERENCES `kategoris` (`id`) ON DELETE CASCADE,
  ADD CONSTRAINT `events_user_id_foreign` FOREIGN KEY (`user_id`) REFERENCES `users` (`id`) ON DELETE CASCADE;

--
-- Constraints for table `orders`
--
ALTER TABLE `orders`
  ADD CONSTRAINT `orders_event_id_foreign` FOREIGN KEY (`event_id`) REFERENCES `events` (`id`) ON DELETE CASCADE,
  ADD CONSTRAINT `orders_user_id_foreign` FOREIGN KEY (`user_id`) REFERENCES `users` (`id`) ON DELETE CASCADE;

--
-- Constraints for table `tikets`
--
ALTER TABLE `tikets`
  ADD CONSTRAINT `tikets_event_id_foreign` FOREIGN KEY (`event_id`) REFERENCES `events` (`id`) ON DELETE CASCADE;
COMMIT;

/*!40101 SET CHARACTER_SET_CLIENT=@OLD_CHARACTER_SET_CLIENT */;
/*!40101 SET CHARACTER_SET_RESULTS=@OLD_CHARACTER_SET_RESULTS */;
/*!40101 SET COLLATION_CONNECTION=@OLD_COLLATION_CONNECTION */;
